epoch,MultipleMyeloma,
1,0.1043,
2,0.1378,
3,0.14536,
4,0.14175,
5,0.14536,
6,0.14777,
7,0.14966,
8,0.15052,
9,0.15052,
10,0.15412,
11,0.15206,
12,0.15275,
13,0.15412,
14,0.15344,
15,0.1567,
16,0.15395,
17,0.15773,
18,0.1543,
19,0.15395,
20,0.15447,
21,0.15619,
22,0.15498,
23,0.15155,
24,0.15069,
25,0.14897,
26,0.15241,
27,0.15395,
28,0.15515,
