epoch,MultipleMyeloma,
1,0.17227,
2,0.22886,
3,0.24303,
4,0.23826,
5,0.24341,
6,0.24763,
7,0.2505,
8,0.25171,
9,0.2518,
10,0.25689,
11,0.25399,
12,0.25479,
13,0.25673,
14,0.25574,
15,0.26042,
16,0.25669,
17,0.26201,
18,0.25722,
19,0.25665,
20,0.25723,
21,0.25976,
22,0.25812,
23,0.2532,
24,0.25174,
25,0.24937,
26,0.25419,
27,0.25645,
28,0.25807,
