epoch,MultipleMyeloma,
1,0.4947,
2,0.67468,
3,0.74071,
4,0.74642,
5,0.74783,
6,0.76396,
7,0.76798,
8,0.76811,
9,0.76979,
10,0.77102,
11,0.7704,
12,0.76758,
13,0.76813,
14,0.76745,
15,0.77027,
16,0.77154,
17,0.77317,
18,0.77252,
19,0.77092,
20,0.7684,
21,0.77109,
22,0.77155,
23,0.76905,
24,0.76433,
25,0.76478,
26,0.7653,
27,0.76735,
28,0.76645,
